chrom,pos,rsid,clinical_significance,genes,BC08
chr13,32889792,rs206118,benign,BRCA2;ZAR1L,0/1
chr13,32890572,rs1799943,benign,BRCA2;ZAR1L,0/0
chr13,32900933,rs3752451,benign,BRCA2,0/0
chr13,32906729,rs144848,uncertain-significance,BRCA2,0/1
chr13,32911888,rs1801406,benign,BRCA2,0/0
chr13,32912299,rs543304,likely-benign,BRCA2,0/1
chr13,32913055,rs206075,likely-benign,BRCA2,1/1
chr13,32914236,rs4987117,benign,BRCA2,0/0
chr13,32914417,rs80358825,uncertain-significance,BRCA2,0/0
chr13,32915005,rs206076,likely-benign,BRCA2,1/1
chr13,32915240,rs80358899,benign,BRCA2,0/0
chr13,32929232,rs1799955,likely-benign,BRCA2,0/0
chr13,32929387,rs169547,benign,BRCA2,1/1
chr13,32930748,rs81002843,pathogenic,BRCA2,0/0
chr13,32936646,rs9534262,benign,BRCA2,0/0
chr13,32953388,rs4942486,benign,BRCA2,0/0
chr13,32954244,rs80359186,conflicting-interpretations-of-pathogenicity,BRCA2,0/1
chr13,32973012,rs15869,benign,BRCA2,0/1
chr17,41216021,rs8176258,benign,BRCA1,0/0
chr17,41223094,rs1799966,uncertain-significance,BRCA1,1/1
chr17,41226601,rs273900734,benign,BRCA1,1/1
chr17,41231516,rs8176193,benign,BRCA1,1/1
chr17,41234470,rs1060915,benign,BRCA1,1/1
chr17,41244000,rs16942,benign,BRCA1,1/1
chr17,41244429,rs4986852,benign,BRCA1,0/0
chr17,41244435,rs16941,uncertain-significance,BRCA1,0/1
chr17,41244936,rs799917,uncertain-significance,BRCA1,1/1
chr17,41245237,rs16940,benign,BRCA1,1/1
chr17,41245466,rs1799949,benign,BRCA1,1/1
chr17,41245471,rs4986850,benign,BRCA1,0/1
chr17,41246481,rs1799950,benign,BRCA1,0/0
chr17,41251931,rs799923,uncertain-significance,BRCA1,0/0
